Year,Group,Subgroup,Visits_thousands,synthetic_sample
2016,Total,All,141238,yes
2016,Sex,Female,76583,yes
2016,Sex,Male,64655,yes
2016,Age,0-17,26385,yes
2016,Age,18-24,13547,yes
2016,Age,25-44,38941,yes
2016,Age,45-64,30270,yes
2016,Age,65+,32092,yes
2016,Diagnosis,Injury,34723,yes
2016,Diagnosis,Respiratory,20440,yes
2016,Diagnosis,Cardiovascular,15946,yes
2016,Diagnosis,Digestive,13242,yes
2016,Diagnosis,Other,56884,yes
2017,Total,All,140931,yes
2017,Sex,Female,76177,yes
2017,Sex,Male,64754,yes
2017,Age,0-17,24665,yes
2017,Age,18-24,14602,yes
2017,Age,25-44,39823,yes
2017,Age,45-64,30397,yes
2017,Age,65+,31442,yes
2017,Diagnosis,Injury,34584,yes
2017,Diagnosis,Respiratory,18280,yes
2017,Diagnosis,Cardiovascular,17716,yes
2017,Diagnosis,Digestive,14604,yes
2017,Diagnosis,Other,55743,yes
2018,Total,All,137273,yes
2018,Sex,Female,74718,yes
2018,Sex,Male,62555,yes
2018,Age,0-17,25716,yes
2018,Age,18-24,12776,yes
2018,Age,25-44,38531,yes
2018,Age,45-64,30145,yes
2018,Age,65+,30103,yes
2018,Diagnosis,Injury,32747,yes
2018,Diagnosis,Respiratory,18214,yes
2018,Diagnosis,Cardiovascular,16588,yes
2018,Diagnosis,Digestive,12873,yes
2018,Diagnosis,Other,56847,yes
2019,Total,All,136645,yes
2019,Sex,Female,75296,yes
2019,Sex,Male,61349,yes
2019,Age,0-17,24951,yes
2019,Age,18-24,13689,yes
2019,Age,25-44,38410,yes
2019,Age,45-64,29626,yes
2019,Age,65+,29966,yes
2019,Diagnosis,Injury,32613,yes
2019,Diagnosis,Respiratory,19004,yes
2019,Diagnosis,Cardiovascular,16353,yes
2019,Diagnosis,Digestive,12936,yes
2019,Diagnosis,Other,55738,yes
2020,Total,All,123144,yes
2020,Sex,Female,67433,yes
2020,Sex,Male,55711,yes
2020,Age,0-17,22061,yes
2020,Age,18-24,13143,yes
2020,Age,25-44,33665,yes
2020,Age,45-64,26748,yes
2020,Age,65+,27524,yes
2020,Diagnosis,Injury,29976,yes
2020,Diagnosis,Respiratory,17647,yes
2020,Diagnosis,Cardiovascular,13687,yes
2020,Diagnosis,Digestive,12615,yes
2020,Diagnosis,Other,49217,yes
2021,Total,All,138005,yes
2021,Sex,Female,74973,yes
2021,Sex,Male,63032,yes
2021,Age,0-17,24145,yes
2021,Age,18-24,14927,yes
2021,Age,25-44,38450,yes
2021,Age,45-64,30066,yes
2021,Age,65+,30414,yes
2021,Diagnosis,Injury,34276,yes
2021,Diagnosis,Respiratory,20205,yes
2021,Diagnosis,Cardiovascular,15909,yes
2021,Diagnosis,Digestive,12585,yes
2021,Diagnosis,Other,55027,yes
2022,Total,All,138193,yes
2022,Sex,Female,74807,yes
2022,Sex,Male,63386,yes
2022,Age,0-17,25804,yes
2022,Age,18-24,13891,yes
2022,Age,25-44,38976,yes
2022,Age,45-64,29367,yes
2022,Age,65+,30153,yes
2022,Diagnosis,Injury,34191,yes
2022,Diagnosis,Respiratory,19720,yes
2022,Diagnosis,Cardiovascular,15578,yes
2022,Diagnosis,Digestive,12809,yes
2022,Diagnosis,Other,55892,yes
